id_pedido;data;produto;categoria;regiao;vendedor;quantidade;preco_unitario;desconto_pct;total
10368;2025-03-05;Mesa de escritório;Móveis;Nordeste;HUGO;4;R$ 740,00;0;2960,00
11706;07/11/2025;mouse sem fio;Informática;nordeste;gabi;3;R$ 85,00;10;229,50
11199;06/08/2025;Fone bluetooth;Áudio;Sul;Gabi;3;R$ 260,00;5;741,00
10994;01/07/2025;CAIXA DE SOM;Áudio;SE;Fábio;3;R$ 420,00;0;1260,00
10433;18/03/2025;  Cadeira ergonômica ;Móveis;NORTE;  Fábio ;5;R$ 1150,00;5;5462,50
11502;03/10/2025;Monitor 24;Informática;Sudeste;Fábio;4;R$ 890,00;0;3560,00
10768;2025-05-22;Caixa de som;Áudio;SE;DIEGO;2;R$ 420,00;;840,00
10656;2025-04-28;  Mesa de escritório ;Móveis;  Sul ;CARLA;3;R$ 740,00;10;1998,00
10923;18/06/2025;Suporte para notebook;Acessórios;  Nordeste ;Bruno;4;R$ 120,00;0;480,00
11931;18/12/2025;mesa de escritório;Móveis;Sudeste;Diego;5;R$ 740,00;0;3700,00
10655;2025-04-28;Teclado mecânico;Informática;Nordeste;Elisa;2;R$ 310,00;0;620,00
10369;05/03/2025;TECLADO MECÂNICO;Informática;SUDESTE;  Carla ;5;R$ 310,00;0;1550,00
11497;02-10-25;caixa de som;Áudio;SE;Elisa;5;R$ 420,00;0;2100,00
11872;08-12-25;Notebook 14;Informática;sudeste;  Carla ;4;R$ 3200,00;5;12160,00
10727;14/05/2025;Notebook 14;Informática;Sudeste;Ana;2;R$ 3200,00;5;6080,00
10162;2025-01-31;Fone bluetooth;Áudio;Nordeste;Gabi;5;R$ 260,00;0;1300,00
10900;15/06/2025;Mouse sem fio;Informática;Sudeste;Diego;3;R$ 85,00;0;255,00
10057;10/01/2025;Mouse sem fio;Informática;Sul;hugo;4;R$ 85,00;;340,00
10121;22/01/2025;caixa de som;Áudio;Sul;FÁBIO;4;R$ 420,00;0;1680,00
11263;19/08/2025;Cadeira ergonômica;Móveis;sul;Carla;3;R$ 1150,00;0;3450,00
10626;2025-04-24;Monitor 24;Informática;Sudeste;carla;1;R$ 890,00;15;756,50
11782;22/11/2025;Teclado mecânico;Informática;Sul;Diego;1;R$ 310,00;0;310,00
11280;21/08/2025;WEBCAM HD;Acessórios;Sudeste;;4;R$ 190,00;10;684,00
11911;16/12/2025;  Webcam HD ;Acessórios;Sul;Ana;1;R$ 190,00;10;171,00
11377;10/09/2025;caixa de som;Áudio;NORTE;ana;2;R$ 420,00;5;798,00
10615;22-04-25;Notebook 14;Informática;Sudeste;  Hugo ;3;R$ 3200,00;10;8640,00
11986;29-12-25;MONITOR 24;Informática;Sudeste;Elisa;2;R$ 890,00;5;1691,00
10443;21/03/2025;  Webcam HD ;Acessórios;SE;elisa;1;R$ 190,00;5;180,50
10987;2025-06-30;fone bluetooth;;Sul;Hugo;1;R$ 260,00;0;260,00
11292;24/08/2025;Caixa de som;Áudio;Centro-Oeste;Fábio;4;R$ 420,00;0;1680,00
10326;26/02/2025;Notebook 14;Informática;Sudeste;Carla;5;R$ 3200,00;10;14400,00
10138;27/01/2025;MOUSE SEM FIO;Informática;Nordeste;ELISA;1;R$ 85,00;15;72,25
11647;29/10/2025;MESA DE ESCRITÓRIO;Móveis;NORTE;BRUNO;2;R$ 740,00;5;1406,00
11853;05/12/2025;Mouse sem fio;Informática;sudeste;BRUNO;3;R$ 85,00;0;255,00
11133;24-07-25;Suporte para notebook;Acessórios;Sudeste;CARLA;3;R$ 120,00;5;342,00
10166;01/02/2025;Notebook 14;Informática;  Sudeste ;DIEGO;1;R$ 3200,00;0;3200,00
10608;21-04-25;Mesa de escritório;Móveis;Norte;Bruno;5;R$ 740,00;5;3515,00
10791;28/05/2025;Suporte para notebook;Acessórios;SE;;4;R$ 120,00;0;480,00
11612;21/10/2025;notebook 14;Informática;  Centro-Oeste ;Bruno;4;R$ 3200,00;5;12160,00
10805;2025-05-30;  Fone bluetooth ;Áudio;NORTE;HUGO;3;R$ 260,00;0;780,00
11248;15/08/2025;  Webcam HD ;;SE;fábio;4;R$ 190,00;0;760,00
10973;28/06/2025;mesa de escritório;Móveis;sudeste;hugo;3;R$ 740,00;10;1998,00
10349;01/03/2025;  Monitor 24 ;Informática;Nordeste;Carla;duas;R$ 890,00;0;1780,00
11632;26-10-25;monitor 24;Informática;Sudeste;  Bruno ;3;R$ 890,00;5;2536,50
10828;02-06-25;  Mouse sem fio ;Informática;Centro-Oeste;Ana;2;R$ 85,00;0;170,00
10886;13/06/2025;Caixa de som;Áudio;  Sul ;gabi;5;R$ 420,00;0;2100,00
10054;10/01/2025;  Caixa de som ;Áudio;nordeste;Elisa;2;R$ 420,00;0;840,00
10048;2025-01-09;Caixa de som;Áudio;Sudeste;  Fábio ;5;R$ 420,00;5;1995,00
10332;26/02/2025;  Monitor 24 ;Informática;  Nordeste ;Carla;1;R$ 890,00;0;890,00
11481;29-09-25;Mouse sem fio;Informática;Norte;Diego;2;R$ 85,00;0;170,00
11142;26-07-25;  Notebook 14 ;Informática;SE;Diego;5;R$ 3200,00;0;16000,00
10971;2025-06-27;Monitor 24;Informática;Sudeste;Diego;4;R$ 890,00;0;3560,00
10429;2025-03-16;Webcam HD;Acessórios;Sul;Fábio;1;R$ 190,00;;190,00
10401;10/03/2025;TECLADO MECÂNICO;Informática;Sudeste;Ana;4;R$ 310,00;0;1240,00
11740;12/11/2025;MOUSE SEM FIO;Informática;Sudeste;CARLA;4;R$ 85,00;0;340,00
10256;15/02/2025;Mesa de escritório;Móveis;Norte;  Ana ;1;R$ 740,00;;740,00
10386;2025-03-08;  Monitor 24 ;Informática;Nordeste;Ana;2;R$ 890,00;0;1780,00
10953;2025-06-23;Caixa de som;Áudio;Centro-Oeste;ana;5;R$ 420,00;15;1785,00
11635;27/10/2025;Monitor 24;Informática;Sudeste;Ana;2;R$ 890,00;0;1780,00
10951;23/06/2025;Mouse sem fio;Informática;Sul;Hugo;3;R$ 85,00;0;255,00
11552;12/10/2025;teclado mecânico;Informática;Nordeste;Diego;3;R$ 310,00;0;930,00
10951;23/06/2025;Mouse sem fio;Informática;Sul;Hugo;3;R$ 85,00;0;255,00
11584;17-10-25;Monitor 24;Informática;SE;Fábio;5;R$ 890,00;0;4450,00
10985;30/06/2025;Cadeira ergonômica;Móveis;Sudeste;Hugo;4;R$ 1150,00;0;4600,00
11116;21/07/2025;MOUSE SEM FIO;Informática;Nordeste;DIEGO;3;R$ 85,00;0;255,00
10479;29/03/2025;Cadeira ergonômica;Móveis;SE;Bruno;1;R$ 1150,00;5;1092,50
10049;09/01/2025;  Mouse sem fio ;Informática;SE;Diego;2;R$ 85,00;5;161,50
11005;03/07/2025;Monitor 24;Informática;Sudeste;BRUNO;1;R$ 890,00;5;845,50
10599;20/04/2025;fone bluetooth;Áudio;Sul;;2;R$ 260,00;10;468,00
11029;07-07-25;NOTEBOOK 14;Informática;Sudeste;Diego;4;R$ 3200,00;10;11520,00
10758;20-05-25;cadeira ergonômica;Móveis;Sudeste;Ana;4;R$ 1150,00;15;3910,00
10538;09/04/2025;Suporte para notebook;Acessórios;nordeste;  Ana ;5;R$ 120,00;0;600,00
11163;30/07/2025;FONE BLUETOOTH;Áudio;Nordeste;BRUNO;1;R$ 260,00;15;221,00
11984;29/12/2025;Webcam HD;Acessórios;sul;Carla;5;R$ 190,00;0;950,00
11305;27/08/2025;Suporte para notebook;Acessórios;Sudeste;Elisa;5;R$ 120,00;0;600,00
10698;06-05-25;TECLADO MECÂNICO;Informática;SE;ana;2;R$ 310,00;0;620,00
10187;04/02/2025;fone bluetooth;Áudio;NORDESTE;Elisa;1;R$ 260,00;10;234,00
11419;2025-09-19;Fone bluetooth;Áudio;Nordeste;DIEGO;5;R$ 260,00;0;1300,00
11957;2025-12-24;teclado mecânico;Informática;nordeste;;1;R$ 310,00;;294,50
10109;20/01/2025;FONE BLUETOOTH;Áudio;Sudeste;;3;R$ 260,00;0;780,00
11045;10/07/2025;Caixa de som;Áudio;Sul;Gabi;3;R$ 420,00;5;1197,00
11689;2025-11-05;notebook 14;Informática;SE;Gabi;5;R$ 3200,00;0;16000,00
10960;2025-06-24;Suporte para notebook;Acessórios;NORDESTE;diego;1;R$ 120,00;0;120,00
11232;13/08/2025;Suporte para notebook;Acessórios;SE;Carla;5;R$ 120,00;0;600,00
11080;2025-07-14;Mesa de escritório;Móveis;SUDESTE;Bruno;5;R$ 740,00;10;3330,00
10803;30/05/2025;CADEIRA ERGONÔMICA;;Sudeste;Carla;3;R$ 1150,00;0;3450,00
11271;20/08/2025;Cadeira ergonômica;Móveis;  Sudeste ;gabi;3;R$ 1150,00;5;3277,50
10725;2025-05-14;Monitor 24;Informática;Sudeste;diego;2;R$ 890,00;0;1780,00
10336;27/02/2025;CAIXA DE SOM;Áudio;SUDESTE;  Hugo ;5;R$ 420,00;15;1785,00
11905;15/12/2025;Teclado mecânico;Informática;Sul;Ana;1;R$ 310,00;15;263,50
10693;06/05/2025;FONE BLUETOOTH;Áudio;SUDESTE;Diego;1;R$ 260,00;0;260,00
10383;2025-03-07;Mouse sem fio;Informática;Nordeste;  Elisa ;5;R$ 85,00;5;403,75
11010;04-07-25;  Mouse sem fio ;Informática;Nordeste;GABI;4;R$ 85,00;0;340,00
11118;2025-07-22;FONE BLUETOOTH;Áudio;Sul;carla;3;R$ 260,00;0;780,00
11814;28/11/2025;Monitor 24;Informática;Nordeste;Fábio;1;R$ 890,00;5;845,50
11229;2025-08-13;Fone bluetooth;Áudio;Norte;  Gabi ;4;R$ 260,00;10;936,00
10050;09/01/2025;Cadeira ergonômica;Móveis;Sul;bruno;2;R$ 1150,00;;1955,00
11948;21/12/2025;Mesa de escritório;Móveis;SE;  Diego ;4;R$ 740,00;0;2960,00
10362;2025-03-03;  Mesa de escritório ;Móveis;Sudeste;Fábio;4;R$ 740,00;;2960,00
10536;08/04/2025;Mesa de escritório;Móveis;Sudeste;Hugo;5;R$ 740,00;15;3145,00
11343;2025-09-03;Notebook 14;Informática;SE;Ana;1;R$ 3200,00;10;2880,00
11863;07/12/2025;Fone bluetooth;Áudio;NORDESTE;GABI;3;R$ 260,00;0;780,00
11583;17/10/2025;notebook 14;Informática;  Sudeste ;Ana;5;R$ 3200,00;5;15200,00
11541;10-10-25;webcam hd;Acessórios;Sudeste;Fábio;4;R$ 190,00;0;760,00
11875;09/12/2025;fone bluetooth;Áudio;NORDESTE;Diego;5;R$ 260,00;0;1300,00
11866;07-12-25;NOTEBOOK 14;Informática;  Sul ;  Elisa ;5;R$ 3200,00;0;16000,00
10967;2025-06-26;  Mouse sem fio ;Informática;Sul;  Diego ;3;R$ 85,00;10;229,50
10702;07/05/2025;Mesa de escritório;;sudeste;;5;R$ 740,00;10;3330,00
11231;2025-08-13;Monitor 24;Informática;sudeste;Fábio;3;R$ 890,00;10;2403,00
11633;26-10-25;MESA DE ESCRITÓRIO;Móveis;Nordeste;FÁBIO;4;R$ 740,00;0;2960,00
11514;2025-10-06;NOTEBOOK 14;Informática;SE;Gabi;4;R$ 3200,00;0;12800,00
11160;29/07/2025;  Notebook 14 ;Informática;  Sudeste ;bruno;2;R$ 3200,00;0;6400,00
10762;2025-05-21;TECLADO MECÂNICO;Informática;  Sudeste ;bruno;5;R$ 310,00;0;1550,00
10282;19/02/2025;webcam hd;Acessórios;sul;ana;4;R$ 190,00;0;760,00
10537;08/04/2025;Caixa de som;Áudio;Norte;Diego;4;R$ 420,00;5;1596,00
11238;2025-08-14;Cadeira ergonômica;;SUL;Carla;4;R$ 1150,00;0;4600,00
10009;02-01-25;Mouse sem fio;Informática;  Centro-Oeste ;Diego;5;R$ 85,00;0;425,00
10447;23/03/2025;Suporte para notebook;Acessórios;Nordeste;Ana;2;R$ 120,00;5;228,00
10654;2025-04-28;Monitor 24;Informática;SUDESTE;Bruno;4;R$ 890,00;;3026,00
11391;13/09/2025;Caixa de som;Áudio;nordeste;  Hugo ;2;R$ 420,00;10;756,00
10841;06-06-25;  Mouse sem fio ;Informática;SE;Fábio;4;R$ 85,00;0;340,00
11779;21/11/2025;Fone bluetooth;Áudio;Sul;Carla;5;R$ 260,00;0;1300,00
10061;2025-01-11;mouse sem fio;Informática;Nordeste;Carla;4;R$ 85,00;5;323,00
11042;09/07/2025;  Cadeira ergonômica ;Móveis;Sudeste;gabi;3;R$ 1150,00;0;3450,00
10304;22-02-25;fone bluetooth;Áudio;Nordeste;Gabi;1;R$ 260,00;5;247,00
10526;06-04-25;Fone bluetooth;Áudio;Nordeste;DIEGO;3;R$ 260,00;0;780,00
10337;2025-02-27;fone bluetooth;Áudio;Sudeste;Hugo;4;R$ 260,00;0;1040,00
11918;17/12/2025;fone bluetooth;Áudio;sul;Bruno;5;R$ 260,00;0;1300,00
10127;23/01/2025;WEBCAM HD;Acessórios;norte;Hugo;1;R$ 190,00;5;180,50
11596;18/10/2025;mouse sem fio;Informática;Centro-Oeste;Ana;2;R$ 85,00;15;144,50
10932;20/06/2025;Webcam HD;Acessórios;Nordeste;Hugo;5;R$ 190,00;0;950,00
10557;13/04/2025;Cadeira ergonômica;Móveis;  Centro-Oeste ;GABI;duas;R$ 1150,00;10;2070,00
10435;2025-03-18;teclado mecânico;Informática;  Sudeste ;Elisa;3;R$ 310,00;10;837,00
10050;09/01/2025;Cadeira ergonômica;Móveis;Sul;bruno;2;R$ 1150,00;;1955,00
10513;2025-04-03;  Mouse sem fio ;Informática;SUL;Carla;5;R$ 85,00;0;425,00
10352;02/03/2025;webcam hd;Acessórios;NORDESTE;Elisa;1;R$ 190,00;15;161,50
11072;14-07-25;Caixa de som;Áudio;Norte;Gabi;1;R$ 420,00;0;420,00
10621;23-04-25;Suporte para notebook;Acessórios;Nordeste;fábio;5;R$ 120,00;0;600,00
11955;23/12/2025;  Teclado mecânico ;Informática;Sul;Bruno;5;R$ 310,00;0;1550,00
10322;25/02/2025;  Cadeira ergonômica ;Móveis;sul;  Hugo ;1;R$ 1150,00;;1150,00
10765;22/05/2025;MOUSE SEM FIO;Informática;Sudeste;BRUNO;2;R$ 85,00;5;161,50
10590;18/04/2025;Suporte para notebook;Acessórios;sul;Gabi;2;R$ 120,00;5;228,00
11380;2025-09-11;Mesa de escritório;Móveis;  Nordeste ;ana;duas;R$ 740,00;5;1406,00
10672;02/05/2025;Teclado mecânico;Informática;Nordeste;  Diego ;5;R$ 310,00;0;1550,00
11821;2025-12-01;webcam hd;Acessórios;Nordeste;Diego;2;R$ 190,00;0;380,00
11992;30/12/2025;CAIXA DE SOM;Áudio;SE;Gabi;4;R$ 420,00;0;1680,00
10112;20/01/2025;Monitor 24;Informática;Sudeste;Gabi;5;R$ 890,00;10;4005,00
11798;2025-11-26;Suporte para notebook;Acessórios;sul;diego;3;R$ 120,00;;360,00
10632;25/04/2025;CAIXA DE SOM;Áudio;Nordeste;DIEGO;1;R$ 420,00;5;399,00
10487;30/03/2025;SUPORTE PARA NOTEBOOK;Acessórios;  Centro-Oeste ;HUGO;5;R$ 120,00;0;600,00
10170;02/02/2025;CAIXA DE SOM;Áudio;SUDESTE;hugo;3;R$ 420,00;0;1260,00
11973;2025-12-26;MESA DE ESCRITÓRIO;Móveis;Sudeste;hugo;2;R$ 740,00;0;1480,00
10875;11/06/2025;TECLADO MECÂNICO;Informática;Sul;Fábio;4;R$ 310,00;10;1116,00
11664;2025-11-01;Cadeira ergonômica;Móveis;Centro-Oeste;Ana;2;R$ 1150,00;5;2185,00
11429;21/09/2025;  Caixa de som ;Áudio;  Sudeste ;  Elisa ;4;R$ 420,00;0;1680,00
10847;07/06/2025;Cadeira ergonômica;Móveis;Nordeste;Diego;4;R$ 1150,00;15;3910,00
10259;15-02-25;Fone bluetooth;;Sudeste;Gabi;3;R$ 260,00;10;702,00
10811;31-05-25;Mouse sem fio;Informática;Centro-Oeste;Hugo;5;R$ 85,00;0;425,00
11457;26/09/2025;  Caixa de som ;Áudio;Sudeste;ana;4;R$ 420,00;10;1512,00
10903;15-06-25;Teclado mecânico;Informática;  Nordeste ;HUGO;3;R$ 310,00;10;837,00
10992;2025-06-30;Notebook 14;Informática;Centro-Oeste;elisa;5;R$ 3200,00;;15200,00
10914;17-06-25;cadeira ergonômica;Móveis;SE;  Diego ;4;R$ 1150,00;5;4370,00
11245;15/08/2025;  Cadeira ergonômica ;Móveis;  Sudeste ;elisa;2;R$ 1150,00;15;1955,00
11945;2025-12-21;  Suporte para notebook ;Acessórios;sudeste;Carla;5;R$ 120,00;0;600,00
11465;27/09/2025;Webcam HD;Acessórios;  Sul ;  Elisa ;3;R$ 190,00;0;570,00
11220;10/08/2025;Teclado mecânico;Informática;  Norte ;Gabi;3;R$ 310,00;0;930,00
10873;11/06/2025;  Monitor 24 ;Informática;Nordeste;Gabi;1;R$ 890,00;0;890,00
10303;22/02/2025;Fone bluetooth;Áudio;Sudeste;Fábio;4;R$ 260,00;5;988,00
11883;10/12/2025;TECLADO MECÂNICO;Informática;sul;Fábio;1;R$ 310,00;5;294,50
11549;11/10/2025;mouse sem fio;Informática;SE;Diego;1;R$ 85,00;0;85,00
10878;12/06/2025;  Fone bluetooth ;Áudio;Sudeste;Elisa;5;R$ 260,00;5;1235,00
10573;2025-04-15;Mouse sem fio;Informática;Sudeste;Hugo;4;R$ 85,00;0;340,00
10191;2025-02-04;MOUSE SEM FIO;Informática;Centro-Oeste;Gabi;2;R$ 85,00;5;161,50
11682;04-11-25;Webcam HD;Acessórios;Sul;  Fábio ;3;R$ 190,00;5;541,50
10066;12/01/2025;NOTEBOOK 14;Informática;Nordeste;Hugo;2;R$ 3200,00;0;6400,00
11806;27/11/2025;Mesa de escritório;Móveis;nordeste;Carla;4;R$ 740,00;0;2960,00
11205;2025-08-07;Notebook 14;Informática;Nordeste;Ana;2;R$ 3200,00;0;6400,00
11167;31/07/2025;Mesa de escritório;;sudeste;  Hugo ;2;R$ 740,00;0;1480,00
11657;31/10/2025;Suporte para notebook;Acessórios;  Nordeste ;Diego;5;R$ 120,00;5;570,00
11943;20/12/2025;MONITOR 24;Informática;SUL;;4;R$ 890,00;0;3560,00
10645;27/04/2025;Monitor 24;Informática;Sudeste;fábio;1;R$ 890,00;15;756,50
10040;07/01/2025;Mouse sem fio;Informática;sudeste;Elisa;3;R$ 85,00;0;255,00
11185;2025-08-04;Monitor 24;Informática;Sudeste;Elisa;1;R$ 890,00;15;756,50
10237;13/02/2025;Mesa de escritório;Móveis;  Sudeste ;;3;R$ 740,00;15;1887,00
11920;17-12-25;Caixa de som;Áudio;NORDESTE;diego;3;R$ 420,00;0;1260,00
10701;2025-05-07;caixa de som;Áudio;Sul;Elisa;3;R$ 420,00;10;1134,00
11339;02/09/2025;FONE BLUETOOTH;Áudio;Sul;ANA;5;R$ 260,00;5;1235,00
11316;28/08/2025;Notebook 14;Informática;SUL;bruno;3;R$ 3200,00;0;9600,00
11638;27/10/2025;Monitor 24;Informática;Sudeste;GABI;1;R$ 890,00;0;890,00
11513;06/10/2025;  Teclado mecânico ;Informática;Nordeste;Ana;1;R$ 310,00;5;294,50
10103;19/01/2025;Fone bluetooth;Áudio;SUDESTE;;3;R$ 260,00;0;780,00
11001;02/07/2025;monitor 24;Informática;Nordeste;Carla;2;R$ 890,00;15;1513,00
10193;2025-02-05;Caixa de som;Áudio;Sudeste;;3;R$ 420,00;0;1260,00
10159;31/01/2025;Suporte para notebook;;SE;fábio;5;R$ 120,00;0;600,00
11054;11/07/2025;Cadeira ergonômica;Móveis;CENTRO-OESTE;Hugo;2;R$ 1150,00;10;2070,00
11630;2025-10-26;CAIXA DE SOM;Áudio;SE;Ana;4;R$ 420,00;10;1512,00
11266;20/08/2025;Mesa de escritório;Móveis;SUL;;4;R$ 740,00;0;2960,00
11787;2025-11-23;Suporte para notebook;Acessórios;  Sudeste ;Hugo;3;R$ 120,00;15;306,00
11734;11/11/2025;Notebook 14;Informática;Sudeste;;4;R$ 3200,00;0;12800,00
10234;12/02/2025;Caixa de som;Áudio;sudeste;Carla;3;R$ 420,00;5;1197,00
11547;11/10/2025;MESA DE ESCRITÓRIO;Móveis;sudeste;Gabi;3;R$ 740,00;10;1998,00
11441;23-09-25;Suporte para notebook;Acessórios;SE;GABI;4;R$ 120,00;0;480,00
11396;14/09/2025;Notebook 14;Informática;sudeste;Elisa;2;R$ 3200,00;;5440,00
10081;16/01/2025;  Cadeira ergonômica ;Móveis;sudeste;Hugo;3;R$ 1150,00;0;3450,00
10102;19/01/2025;  Notebook 14 ;Informática;Sudeste;Hugo;5;R$ 3200,00;15;13600,00
11348;04/09/2025;Cadeira ergonômica;Móveis;SUDESTE;ANA;2;R$ 1150,00;5;2185,00
10882;12/06/2025;  Mouse sem fio ;Informática;SE;Fábio;4;R$ 85,00;0;340,00
10888;13/06/2025;teclado mecânico;Informática;SE;Diego;4;R$ 310,00;0;1240,00
10182;2025-02-04;  Suporte para notebook ;Acessórios;SE;Bruno;3;R$ 120,00;0;360,00
10260;16/02/2025;  Monitor 24 ;Informática;nordeste;  Bruno ;3;R$ 890,00;0;2670,00
11519;07-10-25;  Mouse sem fio ;Informática;nordeste;bruno;5;R$ 85,00;5;403,75
10969;26/06/2025;  Cadeira ergonômica ;Móveis;Sudeste;Gabi;1;R$ 1150,00;5;1092,50
10859;08/06/2025;Monitor 24;Informática;Sul;  Ana ;2;R$ 890,00;;1513,00
10268;17/02/2025;Monitor 24;Informática;CENTRO-OESTE;Carla;5;R$ 890,00;0;4450,00
11762;18/11/2025;Webcam HD;Acessórios;NORTE;;5;R$ 190,00;0;950,00
10869;10/06/2025;CADEIRA ERGONÔMICA;Móveis;  Sudeste ;Diego;5;R$ 1150,00;;5462,50
11548;11-10-25;MESA DE ESCRITÓRIO;Móveis;nordeste;;2;R$ 740,00;10;1332,00
11396;14/09/2025;Notebook 14;Informática;sudeste;Elisa;2;R$ 3200,00;;5440,00
10195;2025-02-06;NOTEBOOK 14;Informática;Sudeste;CARLA;5;R$ 3200,00;10;14400,00
10294;21/02/2025;  Teclado mecânico ;Informática;Nordeste;HUGO;5;R$ 310,00;5;1472,50
11275;20-08-25;  Teclado mecânico ;Informática;Sul;Gabi;3;R$ 310,00;;790,50
10018;03/01/2025;Mouse sem fio;Informática;Norte;FÁBIO;3;R$ 85,00;10;229,50
10825;02/06/2025;MESA DE ESCRITÓRIO;Móveis;SUDESTE;ANA;5;R$ 740,00;0;3700,00
11637;2025-10-27;webcam hd;Acessórios;Sul;Elisa;5;R$ 190,00;0;950,00
11028;07/07/2025;Cadeira ergonômica;Móveis;SUDESTE;Diego;5;R$ 1150,00;0;5750,00
11611;21/10/2025;MONITOR 24;Informática;nordeste;Ana;5;R$ 890,00;0;4450,00
11702;07-11-25;Mesa de escritório;Móveis;  Sudeste ;Fábio;4;R$ 740,00;0;2960,00
10676;2025-05-02;Mouse sem fio;Informática;nordeste;Elisa;3;R$ 85,00;0;255,00
11812;28/11/2025;Caixa de som;Áudio;sudeste;GABI;5;R$ 420,00;5;1995,00
10746;17-05-25;Fone bluetooth;Áudio;Nordeste;Carla;1;R$ 260,00;5;247,00
10775;24-05-25;teclado mecânico;Informática;  Norte ;HUGO;5;R$ 310,00;10;1395,00
10038;07/01/2025;Mesa de escritório;Móveis;Sudeste;Bruno;3;R$ 740,00;10;1998,00
11978;27/12/2025;Webcam HD;Acessórios;SE;Hugo;3;R$ 190,00;0;570,00
11469;2025-09-27;Mouse sem fio;Informática;Sudeste;  Elisa ;4;R$ 85,00;10;306,00
10822;2025-06-02;Caixa de som;Áudio;Sul;Fábio;2;R$ 420,00;15;714,00
10511;03/04/2025;  Webcam HD ;Acessórios;  Sudeste ;Fábio;2;R$ 190,00;5;361,00
11555;2025-10-12;  Mesa de escritório ;Móveis;  Norte ;Bruno;4;R$ 740,00;5;2812,00
10059;2025-01-11;  Webcam HD ;Acessórios;SUDESTE;  Diego ;1;R$ 190,00;5;180,50
10083;16-01-25;Monitor 24;Informática;Sul;FÁBIO;2;R$ 890,00;0;1780,00
10858;08-06-25;Webcam HD;Acessórios;Sudeste;  Elisa ;1;R$ 190,00;0;190,00
10376;06/03/2025;Suporte para notebook;Acessórios;Nordeste;Gabi;1;R$ 120,00;0;120,00
10116;21/01/2025;  Suporte para notebook ;Acessórios;Sudeste;Fábio;2;R$ 120,00;0;240,00
10076;14/01/2025;Suporte para notebook;Acessórios;SE;  Ana ;5;R$ 120,00;0;600,00
11899;14/12/2025;Caixa de som;Áudio;SUDESTE;;4;R$ 420,00;0;1680,00
10680;03-05-25;Suporte para notebook;Acessórios;sudeste;DIEGO;5;R$ 120,00;0;600,00
11734;11/11/2025;Notebook 14;Informática;Sudeste;;4;R$ 3200,00;0;12800,00
10873;11/06/2025;  Monitor 24 ;Informática;Nordeste;Gabi;1;R$ 890,00;0;890,00
11900;14/12/2025;Teclado mecânico;Informática;Nordeste;gabi;3;R$ 310,00;5;883,50
11625;24/10/2025;Monitor 24;Informática;SUL;carla;5;R$ 890,00;0;4450,00
11831;02/12/2025;Notebook 14;Informática;Norte;diego;5;R$ 3200,00;5;15200,00
11471;27/09/2025;  Caixa de som ;Áudio;Sul;Carla;1;R$ 420,00;0;420,00
10749;18/05/2025;Monitor 24;Informática;  Norte ;Gabi;1;R$ 890,00;0;890,00
10770;2025-05-23;Cadeira ergonômica;Móveis;NORDESTE;ANA;2;R$ 1150,00;5;2185,00
10354;02/03/2025;Mesa de escritório;;centro-oeste;Hugo;2;R$ 740,00;;1480,00
10642;26/04/2025;Fone bluetooth;Áudio;Centro-Oeste;ANA;3;R$ 260,00;0;780,00
11403;16-09-25;Teclado mecânico;Informática;  Sul ;Elisa;3;R$ 310,00;;837,00
11972;26-12-25;Teclado mecânico;Informática;sudeste;Hugo;2;R$ 310,00;15;527,00
10730;15/05/2025;Fone bluetooth;Áudio;Sudeste;HUGO;4;R$ 260,00;0;1040,00
11822;01/12/2025;  Monitor 24 ;Informática;Sudeste;Gabi;5;R$ 890,00;0;4450,00
11136;24/07/2025;notebook 14;Informática;Sudeste;Elisa;3;R$ 3200,00;10;8640,00
11699;2025-11-06;Mesa de escritório;Móveis;sudeste;DIEGO;4;R$ 740,00;10;2664,00
10901;15/06/2025;Webcam HD;Acessórios;SUDESTE;Fábio;3;R$ 190,00;0;570,00
10780;25-05-25;Teclado mecânico;Informática;  Nordeste ;BRUNO;4;R$ 310,00;10;1116,00
10764;21/05/2025;mouse sem fio;Informática;Norte;Elisa;2;R$ 85,00;0;170,00
11315;28/08/2025;CAIXA DE SOM;Áudio;Sul;Carla;duas;R$ 420,00;15;714,00
10242;13-02-25;NOTEBOOK 14;Informática;Sudeste;Diego;3;R$ 3200,00;10;8640,00
11523;2025-10-07;NOTEBOOK 14;Informática;Sudeste;Diego;4;R$ 3200,00;5;12160,00
11139;2025-07-26;  Notebook 14 ;Informática;  Sul ;;1;R$ 3200,00;0;3200,00
11211;2025-08-09;Fone bluetooth;Áudio;NORTE;;3;R$ 260,00;0;780,00
10265;2025-02-16;Caixa de som;Áudio;SE;Bruno;4;R$ 420,00;10;1512,00
11416;19-09-25;  Caixa de som ;Áudio;SE;Carla;1;R$ 420,00;15;357,00
11190;04/08/2025;Fone bluetooth;Áudio;Sul;ANA;2;R$ 260,00;0;520,00
11147;2025-07-27;teclado mecânico;Informática;  Norte ;  Hugo ;3;R$ 310,00;10;837,00
11173;02/08/2025;mouse sem fio;Informática;sudeste;  Bruno ;4;R$ 85,00;5;323,00
10108;2025-01-19;suporte para notebook;Acessórios;SE;Fábio;4;R$ 120,00;15;408,00
10861;09/06/2025;  Notebook 14 ;Informática;Sudeste;DIEGO;2;R$ 3200,00;0;6400,00
11947;21/12/2025;mesa de escritório;Móveis;Sudeste;Elisa;2;R$ 740,00;10;1332,00
10614;22/04/2025;Teclado mecânico;;SE;Diego;1;R$ 310,00;;310,00
10397;10-03-25;Teclado mecânico;Informática;SE;  Hugo ;4;R$ 310,00;15;1054,00
11404;16/09/2025;Webcam HD;Acessórios;Nordeste;Fábio;4;R$ 190,00;10;684,00
11302;26/08/2025;SUPORTE PARA NOTEBOOK;Acessórios;  Norte ;Ana;4;R$ 120,00;0;480,00
11751;16/11/2025;fone bluetooth;Áudio;Norte;Hugo;2;R$ 260,00;10;468,00
10203;07/02/2025;fone bluetooth;Áudio;  Nordeste ;gabi;5;R$ 260,00;0;1300,00
10548;11/04/2025;Notebook 14;Informática;Sudeste;Bruno;2;R$ 3200,00;10;5760,00
11648;2025-10-29;mouse sem fio;Informática;Sul;Bruno;4;R$ 85,00;0;340,00
11438;22-09-25;Mesa de escritório;Móveis;SUL;ANA;4;R$ 740,00;;2960,00
10419;2025-03-14;Mesa de escritório;Móveis;Nordeste;Diego;5;R$ 740,00;0;3700,00
10547;11-04-25;  Caixa de som ;Áudio;Sul;  Fábio ;4;R$ 420,00;10;1512,00
10390;08/03/2025;Notebook 14;Informática;  Nordeste ;Hugo;2;R$ 3200,00;5;6080,00
10603;20-04-25;  Notebook 14 ;Informática;  Sudeste ;Bruno;1;R$ 3200,00;15;2720,00
10624;24/04/2025;Teclado mecânico;;Centro-Oeste;Fábio;3;R$ 310,00;0;930,00
11628;26/10/2025;Mouse sem fio;Informática;SUDESTE;Fábio;2;R$ 85,00;0;170,00
11275;20-08-25;  Teclado mecânico ;Informática;Sul;Gabi;3;R$ 310,00;;790,50
11226;2025-08-12;  Mouse sem fio ;Informática;  Nordeste ;BRUNO;2;R$ 85,00;0;170,00
10249;2025-02-14;webcam hd;Acessórios;  Sudeste ;GABI;2;R$ 190,00;;380,00
10586;18/04/2025;Monitor 24;Informática;Nordeste;carla;5;R$ 890,00;0;4450,00
10261;16-02-25;Webcam HD;Acessórios;SE;Diego;3;R$ 190,00;10;513,00
11335;01/09/2025;  Mouse sem fio ;;Centro-Oeste;DIEGO;1;R$ 85,00;0;85,00
11989;30/12/2025;Fone bluetooth;Áudio;Sudeste;DIEGO;2;R$ 260,00;0;520,00
10835;04/06/2025;Monitor 24;Informática;Sudeste;Hugo;5;R$ 890,00;5;4227,50
10927;19/06/2025;NOTEBOOK 14;Informática;Nordeste;hugo;4;R$ 3200,00;0;12800,00
10283;19/02/2025;MONITOR 24;Informática;CENTRO-OESTE;Bruno;4;R$ 890,00;0;3560,00
10794;2025-05-29;Monitor 24;Informática;  Sul ;Elisa;4;R$ 890,00;0;3560,00
10984;30/06/2025;Teclado mecânico;Informática;Sudeste;Gabi;4;R$ 310,00;0;1240,00
10306;22/02/2025;Mesa de escritório;Móveis;Nordeste;Diego;1;R$ 740,00;0;740,00
11247;15/08/2025;Mesa de escritório;Móveis;Sudeste;  Bruno ;2;R$ 740,00;0;1480,00
10298;21/02/2025;  Teclado mecânico ;Informática;Sudeste;Fábio;5;R$ 310,00;0;1550,00
10425;2025-03-15;cadeira ergonômica;Móveis;SE;  Hugo ;4;R$ 1150,00;10;4140,00
11618;2025-10-22;  Webcam HD ;Acessórios;SE;Gabi;duas;R$ 190,00;;361,00
10269;17/02/2025;Notebook 14;;Nordeste;Fábio;3;R$ 3200,00;0;9600,00
11623;23-10-25;Webcam HD;Acessórios;Nordeste;elisa;2;R$ 190,00;0;380,00
10276;18/02/2025;cadeira ergonômica;Móveis;NORDESTE;ana;duas;R$ 1150,00;5;2185,00
11272;2025-08-20;Mesa de escritório;Móveis;Sudeste;Hugo;3;R$ 740,00;0;2220,00
10387;08/03/2025;Notebook 14;Informática;sul;Gabi;1;R$ 3200,00;10;2880,00
11168;01/08/2025;Notebook 14;;Sudeste;diego;2;R$ 3200,00;10;5760,00
11692;05/11/2025;Mesa de escritório;Móveis;NORDESTE;Elisa;1;R$ 740,00;0;740,00
11584;17-10-25;Monitor 24;Informática;SE;Fábio;5;R$ 890,00;0;4450,00
10202;2025-02-07;Mouse sem fio;Informática;sudeste;Carla;duas;R$ 85,00;;161,50
11713;08/11/2025;WEBCAM HD;Acessórios;sul;Hugo;2;R$ 190,00;0;380,00
11231;2025-08-13;Monitor 24;Informática;sudeste;Fábio;3;R$ 890,00;10;2403,00
11529;2025-10-09;Mouse sem fio;Informática;SE;Bruno;5;R$ 85,00;0;425,00
11228;2025-08-12;  Monitor 24 ;Informática;SUL;Bruno;5;R$ 890,00;10;4005,00
11407;17/09/2025;fone bluetooth;Áudio;Nordeste;Hugo;1;R$ 260,00;10;234,00
10237;13/02/2025;Mesa de escritório;Móveis;  Sudeste ;;3;R$ 740,00;15;1887,00
10802;30-05-25;cadeira ergonômica;Móveis;Norte;Diego;1;R$ 1150,00;0;1150,00
10574;16/04/2025;Webcam HD;Acessórios;Sul;Carla;4;R$ 190,00;15;646,00
10454;25/03/2025;NOTEBOOK 14;Informática;Norte;GABI;1;R$ 3200,00;10;2880,00
11843;04/12/2025;Cadeira ergonômica;Móveis;Centro-Oeste;  Elisa ;5;R$ 1150,00;0;5750,00
11476;28/09/2025;Webcam HD;Acessórios;SE;Carla;5;R$ 190,00;10;855,00
11448;24/09/2025;Notebook 14;Informática;Sudeste;Fábio;duas;R$ 3200,00;0;6400,00
11094;2025-07-17;MONITOR 24;Informática;Norte;Fábio;5;R$ 890,00;0;4450,00
11552;12/10/2025;teclado mecânico;Informática;Nordeste;Diego;3;R$ 310,00;0;930,00
10556;12/04/2025;teclado mecânico;Informática;Sul;Carla;3;R$ 310,00;0;930,00
11683;2025-11-04;Monitor 24;Informática;Sudeste;gabi;4;R$ 890,00;0;3560,00
10973;28/06/2025;mesa de escritório;Móveis;sudeste;hugo;3;R$ 740,00;10;1998,00
10661;2025-04-29;Caixa de som;Áudio;NORTE;Gabi;5;R$ 420,00;0;2100,00
11654;2025-10-30;Cadeira ergonômica;Móveis;Norte;Bruno;4;R$ 1150,00;5;4370,00
10224;10-02-25;Notebook 14;Informática;SUDESTE;ANA;4;R$ 3200,00;0;12800,00
11206;2025-08-07;  Suporte para notebook ;Acessórios;NORDESTE;Fábio;2;R$ 120,00;0;240,00
11082;15/07/2025;cadeira ergonômica;Móveis;SE;Elisa;2;R$ 1150,00;0;2300,00
10331;26/02/2025;Suporte para notebook;Acessórios;Nordeste;CARLA;4;R$ 120,00;5;456,00
11298;26/08/2025;Teclado mecânico;Informática;Norte;fábio;2;R$ 310,00;5;589,00
10004;01/01/2025;Suporte para notebook;Acessórios;Centro-Oeste;  Hugo ;1;R$ 120,00;0;120,00
10597;19/04/2025;Teclado mecânico;Informática;Sudeste;fábio;4;R$ 310,00;10;1116,00
11257;2025-08-18;mouse sem fio;Informática;Nordeste;Fábio;1;R$ 85,00;0;85,00
11337;02/09/2025;Monitor 24;Informática;  Sudeste ;Ana;1;R$ 890,00;0;890,00
10561;13-04-25;Notebook 14;Informática;Sudeste;Hugo;2;R$ 3200,00;0;6400,00
11150;28/07/2025;Suporte para notebook;Acessórios;norte;;1;R$ 120,00;10;108,00
11605;20/10/2025;Mouse sem fio;Informática;CENTRO-OESTE;Elisa;2;R$ 85,00;0;170,00
11265;2025-08-20;suporte para notebook;Acessórios;  Sudeste ;  Elisa ;1;R$ 120,00;5;114,00
11154;28/07/2025;Webcam HD;Acessórios;Norte;CARLA;5;R$ 190,00;15;807,50
11018;05/07/2025;Caixa de som;Áudio;Sul;Ana;4;R$ 420,00;0;1680,00
10147;29-01-25;  Caixa de som ;Áudio;Nordeste;Hugo;1;R$ 420,00;5;399,00
11976;2025-12-27;CADEIRA ERGONÔMICA;Móveis;SE;bruno;3;R$ 1150,00;0;3450,00
11786;23/11/2025;TECLADO MECÂNICO;Informática;  Norte ;Gabi;3;R$ 310,00;0;930,00
10373;05/03/2025;Cadeira ergonômica;Móveis;Nordeste;Elisa;5;R$ 1150,00;;5175,00
10917;2025-06-17;Fone bluetooth;Áudio;Sudeste;ELISA;3;R$ 260,00;0;780,00
11299;26/08/2025;NOTEBOOK 14;Informática;Norte;FÁBIO;2;R$ 3200,00;0;6400,00
11652;2025-10-30;Webcam HD;Acessórios;Sudeste;gabi;1;R$ 190,00;0;190,00
10300;22-02-25;Caixa de som;Áudio;sudeste;  Elisa ;3;R$ 420,00;0;1260,00
10528;07/04/2025;Webcam HD;Acessórios;Sudeste;Gabi;2;R$ 190,00;0;380,00
10066;12/01/2025;NOTEBOOK 14;Informática;Nordeste;Hugo;2;R$ 3200,00;0;6400,00
11729;2025-11-10;mesa de escritório;Móveis;SUDESTE;GABI;1;R$ 740,00;0;740,00
10928;19-06-25;FONE BLUETOOTH;Áudio;sudeste;  Carla ;1;R$ 260,00;15;221,00
11603;2025-10-20;Monitor 24;Informática;SUL;DIEGO;4;R$ 890,00;0;3560,00
11840;03/12/2025;mesa de escritório;Móveis;  Nordeste ;fábio;2;R$ 740,00;0;1480,00
11422;20/09/2025;  Suporte para notebook ;Acessórios;Sudeste;Elisa;1;R$ 120,00;10;108,00
10613;21/04/2025;Teclado mecânico;Informática;sul;Ana;4;R$ 310,00;0;1240,00
11084;15/07/2025;Mesa de escritório;Móveis;Sul;Hugo;4;R$ 740,00;;2960,00
10593;19-04-25;Notebook 14;Informática;Centro-Oeste;Gabi;4;R$ 3200,00;0;12800,00
11451;25/09/2025;Fone bluetooth;Áudio;SUDESTE;  Ana ;2;R$ 260,00;0;520,00
10535;08/04/2025;Monitor 24;Informática;Nordeste;Carla;5;R$ 890,00;15;3782,50
10542;09/04/2025;monitor 24;Informática;sudeste;DIEGO;3;R$ 890,00;0;2670,00
11594;18/10/2025;  Fone bluetooth ;Áudio;SE;HUGO;1;R$ 260,00;0;260,00
11382;12/09/2025;Fone bluetooth;Áudio;Sudeste;  Gabi ;4;R$ 260,00;5;988,00
11619;23/10/2025;Suporte para notebook;Acessórios;  Sudeste ;Ana;2;R$ 120,00;0;240,00
11755;16/11/2025;  Mouse sem fio ;Informática;SUDESTE;diego;1;R$ 85,00;0;85,00
11324;30/08/2025;Webcam HD;Acessórios;SUL;Carla;1;R$ 190,00;0;190,00
10817;01/06/2025;Cadeira ergonômica;Móveis;Nordeste;diego;5;R$ 1150,00;;5750,00
10620;23-04-25;CADEIRA ERGONÔMICA;Móveis;SE;Elisa;3;R$ 1150,00;10;3105,00
11605;20/10/2025;Mouse sem fio;Informática;CENTRO-OESTE;Elisa;2;R$ 85,00;0;170,00
10903;15-06-25;Teclado mecânico;Informática;  Nordeste ;HUGO;3;R$ 310,00;10;837,00
10415;14-03-25;WEBCAM HD;Acessórios;SE;Ana;1;R$ 190,00;5;180,50
11464;26/09/2025;Mouse sem fio;Informática;  Sudeste ;HUGO;5;R$ 85,00;15;361,25
10407;2025-03-12;Monitor 24;Informática;Sul;;3;R$ 890,00;10;2403,00
10305;2025-02-22;  Fone bluetooth ;Áudio;Sul;Diego;2;R$ 260,00;;442,00
10229;11-02-25;Fone bluetooth;;sudeste;Carla;1;R$ 260,00;15;221,00
11961;24/12/2025;Webcam HD;Acessórios;SE;Ana;2;R$ 190,00;0;380,00
11686;04/11/2025;Mouse sem fio;Informática;  Sul ;Elisa;3;R$ 85,00;0;255,00
11483;2025-09-29;CADEIRA ERGONÔMICA;Móveis;Nordeste;HUGO;3;R$ 1150,00;5;3277,50
10988;2025-06-30;Fone bluetooth;Áudio;Sul;Elisa;5;R$ 260,00;0;1300,00
11366;07/09/2025;monitor 24;Informática;  Sudeste ;Hugo;1;R$ 890,00;5;845,50
11639;2025-10-28;  Webcam HD ;Acessórios;sul;Diego;1;R$ 190,00;0;190,00
10099;18/01/2025;  Suporte para notebook ;Acessórios;Sudeste;ANA;2;R$ 120,00;5;228,00
11132;2025-07-23;Fone bluetooth;Áudio;Sudeste;Bruno;2;R$ 260,00;0;520,00
11556;12/10/2025;Cadeira ergonômica;Móveis;Nordeste;Gabi;5;R$ 1150,00;0;5750,00
11212;09-08-25;Mesa de escritório;Móveis;Sudeste;Gabi;2;R$ 740,00;15;1258,00
11758;17/11/2025;cadeira ergonômica;Móveis;sul;ana;1;R$ 1150,00;0;1150,00
10746;17-05-25;Fone bluetooth;Áudio;Nordeste;Carla;1;R$ 260,00;5;247,00
10286;20/02/2025;Mouse sem fio;Informática;CENTRO-OESTE;Bruno;2;R$ 85,00;10;153,00
11284;2025-08-21;Caixa de som;Áudio;Centro-Oeste;  Gabi ;2;R$ 420,00;5;798,00
11679;03/11/2025;monitor 24;Informática;  Centro-Oeste ;Gabi;3;R$ 890,00;0;2670,00
11066;13/07/2025;Notebook 14;Informática;Nordeste;ELISA;2;R$ 3200,00;5;6080,00
11927;18-12-25;Cadeira ergonômica;Móveis;Norte;ANA;3;R$ 1150,00;10;3105,00
11101;19/07/2025;Webcam HD;Acessórios;Sudeste;GABI;5;R$ 190,00;0;950,00
11074;2025-07-14;Mesa de escritório;Móveis;  Norte ;fábio;5;R$ 740,00;0;3700,00
10302;22/02/2025;MESA DE ESCRITÓRIO;Móveis;Centro-Oeste;Elisa;1;R$ 740,00;15;629,00
10706;08-05-25;cadeira ergonômica;Móveis;Norte;GABI;2;R$ 1150,00;0;2300,00
11091;2025-07-17;Mesa de escritório;Móveis;sul;Bruno;4;R$ 740,00;5;2812,00
11736;11/11/2025;fone bluetooth;Áudio;Nordeste;Elisa;5;R$ 260,00;5;1235,00
10588;18-04-25;Webcam HD;Acessórios;Centro-Oeste;Bruno;1;R$ 190,00;0;190,00
11354;05/09/2025;Caixa de som;Áudio;centro-oeste;Elisa;4;R$ 420,00;5;1596,00
11562;13/10/2025;suporte para notebook;Acessórios;sudeste;Ana;2;R$ 120,00;10;216,00
10719;13-05-25;monitor 24;Informática;sul;  Diego ;4;R$ 890,00;10;3204,00
10564;14/04/2025;Caixa de som;;Nordeste;  Hugo ;1;R$ 420,00;5;399,00
10310;23-02-25;Notebook 14;;NORDESTE;Bruno;4;R$ 3200,00;0;12800,00
10862;2025-06-09;Caixa de som;Áudio;Sul;bruno;2;R$ 420,00;15;714,00
11059;12/07/2025;Mesa de escritório;Móveis;Norte;gabi;5;R$ 740,00;0;3700,00
10465;2025-03-27;  Teclado mecânico ;Informática;Nordeste;FÁBIO;3;R$ 310,00;10;837,00
10889;13/06/2025;fone bluetooth;Áudio;NORDESTE;BRUNO;2;R$ 260,00;0;520,00
11069;13-07-25;  Notebook 14 ;Informática;  Sudeste ;Hugo;2;R$ 3200,00;0;6400,00
10404;2025-03-11;fone bluetooth;Áudio;Sul;DIEGO;1;R$ 260,00;0;260,00
11940;20-12-25;Cadeira ergonômica;Móveis;Centro-Oeste;  Bruno ;1;R$ 1150,00;0;1150,00
11370;08/09/2025;FONE BLUETOOTH;Áudio;Sudeste;GABI;4;R$ 260,00;;936,00
11268;2025-08-20;MONITOR 24;Informática;SE;Ana;5;R$ 890,00;0;4450,00
10703;07/05/2025;  Suporte para notebook ;Acessórios;Norte;fábio;1;R$ 120,00;15;102,00
11442;23/09/2025;  Mouse sem fio ;Informática;SE;Elisa;5;R$ 85,00;15;361,25
10293;2025-02-21;Mesa de escritório;Móveis;SUDESTE;Diego;4;R$ 740,00;0;2960,00
11362;07/09/2025;Webcam HD;Acessórios;Sul;Carla;1;R$ 190,00;;190,00
10134;25/01/2025;Webcam HD;Acessórios;Nordeste;  Fábio ;2;R$ 190,00;15;323,00
10926;19-06-25;cadeira ergonômica;Móveis;Nordeste;diego;4;R$ 1150,00;0;4600,00
11530;09/10/2025;Fone bluetooth;Áudio;  Sudeste ;HUGO;3;R$ 260,00;0;780,00
10809;31/05/2025;Fone bluetooth;Áudio;NORTE;HUGO;5;R$ 260,00;5;1235,00
11891;13-12-25;Mesa de escritório;Móveis;Centro-Oeste;  Diego ;3;R$ 740,00;0;2220,00
10977;28/06/2025;webcam hd;Acessórios;norte;HUGO;3;R$ 190,00;5;541,50
11179;03/08/2025;fone bluetooth;Áudio;NORDESTE;Ana;4;R$ 260,00;5;988,00
10105;19/01/2025;Monitor 24;Informática;  Sudeste ;Bruno;1;R$ 890,00;0;890,00
10699;2025-05-07;Mesa de escritório;Móveis;Nordeste;hugo;duas;R$ 740,00;0;1480,00
10228;11/02/2025;Webcam HD;Acessórios;nordeste;Bruno;5;R$ 190,00;0;950,00
10554;12/04/2025;Suporte para notebook;Acessórios;Sul;Carla;5;R$ 120,00;0;600,00
11669;2025-11-02;Caixa de som;Áudio;CENTRO-OESTE;Diego;2;R$ 420,00;5;798,00
10995;01/07/2025;CADEIRA ERGONÔMICA;Móveis;Sudeste;BRUNO;3;R$ 1150,00;0;3450,00
10662;30/04/2025;Notebook 14;Informática;  Centro-Oeste ;Elisa;5;R$ 3200,00;0;16000,00
10092;17/01/2025;  Suporte para notebook ;Acessórios;Sudeste;fábio;4;R$ 120,00;10;432,00
10159;31/01/2025;Suporte para notebook;;SE;fábio;5;R$ 120,00;0;600,00
10178;03/02/2025;Webcam HD;Acessórios;NORDESTE;Fábio;2;R$ 190,00;;361,00
11788;24-11-25;  Mesa de escritório ;Móveis;Norte;Ana;4;R$ 740,00;5;2812,00
10794;2025-05-29;Monitor 24;Informática;  Sul ;Elisa;4;R$ 890,00;0;3560,00
10578;16/04/2025;CADEIRA ERGONÔMICA;Móveis;Centro-Oeste;Carla;3;R$ 1150,00;10;3105,00
11244;15-08-25;mouse sem fio;Informática;Sul;  Carla ;4;R$ 85,00;0;340,00
11283;21/08/2025;caixa de som;Áudio;Sudeste;Ana;4;R$ 420,00;;1596,00
10508;02-04-25;mouse sem fio;Informática;SUDESTE;Hugo;5;R$ 85,00;10;382,50
11731;10/11/2025;Mesa de escritório;Móveis;  Norte ;  Hugo ;3;R$ 740,00;15;1887,00
11007;03/07/2025;Monitor 24;Informática;CENTRO-OESTE;Elisa;3;R$ 890,00;0;2670,00
11804;26/11/2025;Webcam HD;Acessórios;centro-oeste;HUGO;4;R$ 190,00;;760,00
11887;12/12/2025;Suporte para notebook;Acessórios;SE;Diego;2;R$ 120,00;5;228,00
10031;05/01/2025;  Notebook 14 ;Informática;SE;  Hugo ;2;R$ 3200,00;5;6080,00
10609;2025-04-21;Cadeira ergonômica;Móveis;SUL;Gabi;4;R$ 1150,00;5;4370,00
10481;29/03/2025;Caixa de som;Áudio;Sul;HUGO;3;R$ 420,00;0;1260,00
10120;22-01-25;Notebook 14;Informática;Nordeste;  Ana ;1;R$ 3200,00;5;3040,00
11951;2025-12-22;MONITOR 24;Informática;  Norte ;  Diego ;3;R$ 890,00;;2670,00
11991;30/12/2025;Mouse sem fio;Informática;Sul;fábio;3;R$ 85,00;10;229,50
11826;2025-12-01;Caixa de som;Áudio;SUDESTE;ana;1;R$ 420,00;5;399,00
10623;2025-04-24;CAIXA DE SOM;Áudio;Sul;  Ana ;3;R$ 420,00;;1134,00
11916;17/12/2025;  Mesa de escritório ;Móveis;Sul;Diego;1;R$ 740,00;0;740,00
11110;21/07/2025;webcam hd;Acessórios;  Nordeste ;  Gabi ;4;R$ 190,00;0;760,00
10958;2025-06-24;Monitor 24;Informática;  Norte ;elisa;3;R$ 890,00;0;2670,00
10001;01/01/2025;monitor 24;Informática;Sudeste;diego;5;R$ 890,00;0;4450,00
10944;2025-06-21;FONE BLUETOOTH;Áudio;SE;FÁBIO;1;R$ 260,00;0;260,00
10088;16-01-25;  Fone bluetooth ;Áudio;Sudeste;Carla;4;R$ 260,00;5;988,00
10141;27/01/2025;Fone bluetooth;Áudio;Sul;fábio;4;R$ 260,00;5;988,00
11052;11/07/2025;caixa de som;Áudio;  Nordeste ;Fábio;2;R$ 420,00;0;840,00
10829;2025-06-02;SUPORTE PARA NOTEBOOK;Acessórios;Centro-Oeste;  Carla ;3;R$ 120,00;10;324,00
10041;07/01/2025;NOTEBOOK 14;Informática;SE;  Diego ;1;R$ 3200,00;0;3200,00
11087;16/07/2025;Mouse sem fio;Informática;Sul;GABI;2;R$ 85,00;0;170,00
10422;15/03/2025;MONITOR 24;Informática;NORDESTE;diego;1;R$ 890,00;;845,50
11700;07-11-25;Mouse sem fio;Informática;sudeste;Gabi;2;R$ 85,00;5;161,50
11987;2025-12-29;CAIXA DE SOM;Áudio;Sul;elisa;4;R$ 420,00;0;1680,00
11700;07-11-25;Mouse sem fio;Informática;sudeste;Gabi;2;R$ 85,00;5;161,50
10271;17/02/2025;WEBCAM HD;Acessórios;Sudeste;  Ana ;4;R$ 190,00;0;760,00
11707;2025-11-07;Mesa de escritório;Móveis;Sul;GABI;3;R$ 740,00;10;1998,00
10284;2025-02-20;Notebook 14;Informática;sudeste;Elisa;5;R$ 3200,00;10;14400,00
11410;17/09/2025;  Mesa de escritório ;Móveis;NORTE;Diego;2;R$ 740,00;0;1480,00
11094;2025-07-17;MONITOR 24;Informática;Norte;Fábio;5;R$ 890,00;0;4450,00
11016;05/07/2025;notebook 14;Informática;Sudeste;FÁBIO;3;R$ 3200,00;5;9120,00
11568;2025-10-14;Cadeira ergonômica;Móveis;  Sudeste ;Gabi;1;R$ 1150,00;0;1150,00
11048;2025-07-10;Mesa de escritório;;Nordeste;elisa;2;R$ 740,00;0;1480,00
10342;28/02/2025;MONITOR 24;Informática;Nordeste;Elisa;2;R$ 890,00;5;1691,00
11009;04/07/2025;Mesa de escritório;Móveis;SE;Bruno;2;R$ 740,00;0;1480,00
11216;09/08/2025;MOUSE SEM FIO;Informática;Sul;Elisa;5;R$ 85,00;5;403,75
10675;02/05/2025;WEBCAM HD;Acessórios;Sudeste;Elisa;3;R$ 190,00;15;484,50
10694;06-05-25;Teclado mecânico;Informática;Sudeste;CARLA;4;R$ 310,00;10;1116,00
10260;16/02/2025;  Monitor 24 ;Informática;nordeste;  Bruno ;3;R$ 890,00;0;2670,00
10559;13-04-25;Caixa de som;Áudio;SUDESTE;Elisa;duas;R$ 420,00;0;840,00
11477;28/09/2025;MOUSE SEM FIO;Informática;Sudeste;Diego;1;R$ 85,00;5;80,75
11730;10/11/2025;CAIXA DE SOM;Áudio;Sudeste;  Hugo ;1;R$ 420,00;10;378,00
11676;2025-11-03;cadeira ergonômica;Móveis;Sudeste;Diego;1;R$ 1150,00;0;1150,00
11825;2025-12-01;Monitor 24;Informática;  Sul ;DIEGO;4;R$ 890,00;5;3382,00
10307;23-02-25;  Monitor 24 ;Informática;Sudeste;carla;4;R$ 890,00;10;3204,00
10232;11/02/2025;Caixa de som;Áudio;  Sudeste ;Gabi;1;R$ 420,00;0;420,00
10983;29/06/2025;Caixa de som;Áudio;NORDESTE;ELISA;3;R$ 420,00;0;1260,00
10988;2025-06-30;Fone bluetooth;Áudio;Sul;Elisa;5;R$ 260,00;0;1300,00
10168;2025-02-02;MONITOR 24;Informática;SE;FÁBIO;4;R$ 890,00;0;3560,00
10416;14/03/2025;Suporte para notebook;Acessórios;nordeste;  Fábio ;5;R$ 120,00;5;570,00
10731;15/05/2025;Mouse sem fio;Informática;Norte;Hugo;3;R$ 85,00;10;229,50
11444;2025-09-24;  Suporte para notebook ;Acessórios;Sul;Hugo;1;R$ 120,00;0;120,00
10977;28/06/2025;webcam hd;Acessórios;norte;HUGO;3;R$ 190,00;5;541,50
10448;2025-03-24;mouse sem fio;Informática;Sul;elisa;2;R$ 85,00;0;170,00
10012;02/01/2025;Teclado mecânico;Informática;SE;  Elisa ;3;R$ 310,00;;883,50
10992;2025-06-30;Notebook 14;Informática;Centro-Oeste;elisa;5;R$ 3200,00;;15200,00
11658;31/10/2025;Webcam HD;Acessórios;Sul;bruno;3;R$ 190,00;0;570,00
11808;28/11/2025;mouse sem fio;Informática;nordeste;Diego;1;R$ 85,00;10;76,50
10907;16/06/2025;  Teclado mecânico ;Informática;Nordeste;;2;R$ 310,00;5;589,00
10580;16-04-25;Mouse sem fio;Informática;SE;HUGO;2;R$ 85,00;0;170,00
10738;2025-05-16;  Caixa de som ;Áudio;  Sul ;GABI;4;R$ 420,00;0;1680,00
11366;07/09/2025;monitor 24;Informática;  Sudeste ;Hugo;1;R$ 890,00;5;845,50
10367;04/03/2025;Teclado mecânico;Informática;Norte;Gabi;3;R$ 310,00;;883,50
10038;07/01/2025;Mesa de escritório;Móveis;Sudeste;Bruno;3;R$ 740,00;10;1998,00
11668;02-11-25;  Suporte para notebook ;Acessórios;Sul;Elisa;5;R$ 120,00;10;540,00
10970;27-06-25;  Caixa de som ;Áudio;nordeste;BRUNO;2;R$ 420,00;0;840,00
10436;18/03/2025;Cadeira ergonômica;Móveis;Sudeste;gabi;2;R$ 1150,00;0;2300,00
11672;2025-11-03;MESA DE ESCRITÓRIO;Móveis;Sul;Bruno;4;R$ 740,00;0;2960,00
11088;2025-07-16;Cadeira ergonômica;Móveis;Sudeste;;5;R$ 1150,00;0;5750,00
11039;2025-07-08;teclado mecânico;Informática;Sudeste;Gabi;1;R$ 310,00;0;310,00
11640;28/10/2025;Suporte para notebook;Acessórios;Sudeste;ANA;4;R$ 120,00;0;480,00
